date_and_time,location,barangay,flood_level,flood_depth_in,flood_status,cause,tropical_names,y,x,admin_district,priority_score,brgy_population_count,brgy_senior_count,brgy_pwd_count,brgy_pregnant_count,brgy_children_count,total_city_population,vulnerability_score
06/07/2025 06:59,PADRE FAURA TAFT SOUTH BOUND,BARANGAY 670,GUTTER DEEP LEVEL,8,PATV,HEAVY RAINFALL,NONE,14.5797968,120.9859863,Ermita,2.67,17012,2138,389,294,3935,1877400,8.9
06/07/2025 15:02,UN AVENUE LRT TAFT (NORTH AND SOUTH BOUND),BARANGAY 660-A,GUTTER DEEP LEVEL,8,PATV,HEAVY RAINFALL,NONE,14.58265079,120.9846589,Ermita,2.41,8559,954,146,121,1907,1877400,9
06/07/2025 15:03,PEDRO GIL LRT TAFT IN FRONT OF MANG INASAL,BARANGAY 675,GUTTER DEEP LEVEL,8,PATV,HEAVY RAINFALL,NONE,14.57656118,120.9879657,Ermita,2.77,7795,887,197,107,2197,1877400,9.24
06/07/2025 15:08,TAFT AVE BESIDE  NBI,BARANGAY 669,GUTTER DEEP LEVEL,8,PATV,HEAVY RAINFALL,NONE,14.58219362,120.9846645,Ermita,2.43,7459,847,115,114,1665,1877400,8.09
06/07/2025 15:12,FRONT OF PNB TAFT AVE.,BARANGAY 694,GUTTER DEEP LEVEL,8,PATV,HEAVY RAINFALL,NONE,14.57744444,120.9874444,Ermita,2.65,11332,1364,263,153,2758,1877400,8.83
06/07/2025 15:13,TAFT AVE. COR PADRE FAURA,BARANGAY 676,GUTTER DEEP LEVEL,8,PATV,HEAVY RAINFALL,NONE,14.58008333,120.9859444,Ermita,2.96,14642,1820,427,248,4195,1877400,9.86
06/07/2025 15:14,PEDRO GIL COR TAFT AVENUE,BARANGAY 694,GUTTER DEEP LEVEL,8,PATV,HEAVY RAINFALL,NONE,14.5761167,120.9881495,Ermita,2.65,11332,1364,263,153,2758,1877400,8.83
06/07/2025 15:36,QUIRINO AVENUE LRT TAFT(NORTH AND SOUTH BOUND,BARANGAY 659,GUTTER DEEP LEVEL,8,PATV,HEAVY RAINFALL,NONE,14.57038739,120.9913642,Malate,2.24,12176,1122,273,143,2708,1877400,7.47
06/07/2025 15:40,Quirino Ave COR Angel Linao St,BARANGAY 720,GUTTER DEEP LEVEL,8,PATV,HEAVY RAINFALL,NONE,14.57431691,120.9947618,Malate,2.46,14387,1429,424,201,3423,1877400,8.21
06/07/2025 15:56,FRONT OF NBI GATE TAFT AVE.,BARANGAY 676,GUTTER DEEP LEVEL,8,PATV,HEAVY RAINFALL,NONE,14.58148903,120.9851171,Ermita,2.96,14642,1820,427,248,4195,1877400,9.86
06/07/2025 18:55,QUIRINO STATION,BARANGAY 724,GUTTER DEEP LEVEL,8,PATV,HEAVY RAINFALL,NONE,14.57041169,120.9917504,Ermita,2.92,11709,1491,328,135,3296,1877400,9.75
06/25/2025 8:10,Quirino Ave COR Leon Guinto St,BARANGAY 724,GUTTER DEEP LEVEL,8,PATV,HEAVY RAINFALL,NONE,14.57041169,120.9917504,Malate,2.92,11709,1491,328,135,3296,1877400,9.75
07/06/2025 20:53,"Piy. Margal Cor. Blumentritt,",BARANGAY 725,GUTTER DEEP LEVEL,8,PATV,HEAVY RAINFALL,BISING,14.61882894,120.9981952,Sampaloc,2.41,15085,1589,295,151,3581,1877400,8.03
07/06/2025 21:00,Blumentritt Cor. A Bonifacio,BARANGAY 495,GUTTER DEEP LEVEL,8,PATV,HEAVY RAINFALL,BISING,14.62596098,120.9898082,Santa Cruz,2.53,13030,1357,219,163,3501,1877400,8.43
07/06/2025 21:04,In front of Manila North Cemetery,BARANGAY 372,GUTTER DEEP LEVEL,8,PATV,HEAVY RAINFALL,BISING,14.626048,120.989064,Santa Cruz,2.44,17911,1734,518,204,4367,1877400,8.14
07/06/2025 21:08,"Aurora Blvd Cor, P. Guevarra",BARANGAY 376,GUTTER DEEP LEVEL,8,PATV,HEAVY RAINFALL,BISING,14.6266135,120.9858709,Santa Cruz,2.96,10069,1286,276,180,2827,1877400,9.86
07/06/2025 21:11,"Rizal Ave, cor Aurora BLVD",BARANGAY 196,GUTTER DEEP LEVEL,8,PATV,HEAVY RAINFALL,BISING,14.62895297,120.9829268,Santa Cruz,2.6,9796,890,213,176,2922,1877400,8.67
07/06/2025 21:12,"Aurora BLVD Cor, Felix Huertas",BARANGAY 196,GUTTER DEEP LEVEL,8,PATV,HEAVY RAINFALL,BISING,14.62895297,120.9829268,Santa Cruz,2.6,9796,890,213,176,2922,1877400,8.67
07/06/2025 21:12,Aurora Blvd Cor. Sulu,BARANGAY 376,GUTTER DEEP LEVEL,8,PATV,HEAVY RAINFALL,BISING,14.627041,120.985415,Santa Cruz,2.96,10069,1286,276,180,2827,1877400,9.86
07/06/2025 21:25,Abad Santos Cor. Antipolo St,BARANGAY 220,GUTTER DEEP LEVEL,8,PATV,HEAVY RAINFALL,BISING,14.62336068,120.9783113,Tondo I and II,2.52,15101,1549,398,252,3710,1877400,8.4
07/06/2025 21:30,Abad Santos Cor. Tayuman St,BARANGAY 226,GUTTER DEEP LEVEL,8,PATV,HEAVY RAINFALL,BISING,14.61676983,120.9771727,Tondo I and II,2.54,8656,1032,145,113,2043,1877400,8.48
07/07/2025 01:05,A long Aurora BLVD,BARANGAY 378,GUTTER DEEP LEVEL,8,PATV,HEAVY RAINFALL,BISING,14.627615,120.98463,Santa Cruz,2.9,12773,1583,361,179,3583,1877400,9.67
07/08/2025 11:38,UN STATION NORTH BOUND,BARANGAY 676,GUTTER DEEP LEVEL,8,PATV,HEAVY RAINFALL,BISING,14.58224294,120.9849324,Ermita,2.96,14642,1820,427,248,4195,1877400,9.86
07/08/2025 11:46,TAFT PEDRO GIL  NORTHBOUND,BARANGAY 694,GUTTER DEEP LEVEL,8,PATV,HEAVY RAINFALL,BISING,14.576152,120.988347,Ermita,2.65,11332,1364,263,153,2758,1877400,8.83
07/08/2025 11:54,ALONG TAFT NORTH BOUND,BARANGAY 676,GUTTER DEEP LEVEL,8,PATV,HEAVY RAINFALL,BISING,14.579157,120.98658,Ermita,2.96,14642,1820,427,248,4195,1877400,9.86
07/08/2025 11:54,TAFT FAURA NORTHBOIND,BARANGAY 676,GUTTER DEEP LEVEL,8,PATV,HEAVY RAINFALL,BISING,14.58042091,120.9859562,Ermita,2.96,14642,1820,427,248,4195,1877400,9.86
07/08/2025 14:23,P. BURGOS LAWTON,BARANGAY 659-A,GUTTER DEEP LEVEL,8,PATV,HEAVY RAINFALL,BISING,14.59181599,120.9804582,Ermita,2.79,8259,874,220,142,2449,1877400,9.29
07/08/2025 14:23,APACIBLE CORNER TAFT,BARANGAY 675,GUTTER DEEP LEVEL,8,PATV,HEAVY RAINFALL,BISING,14.57869,120.986882,Ermita,2.77,7795,887,197,107,2197,1877400,9.24
07/09/2025 11:54,UN TAFT,BARANGAY 676,GUTTER DEEP LEVEL,8,PATV,HEAVY RAINFALL,BISING,14.58120562,120.9855323,Ermita,2.96,14642,1820,427,248,4195,1877400,9.86
07/09/2025 11:54,TAFT NBI,BARANGAY 676,GUTTER DEEP LEVEL,8,PATV,HEAVY RAINFALL,BISING,14.58112838,120.9853662,Ermita,2.96,14642,1820,427,248,4195,1877400,9.86
07/09/2025 14:23,VILLEGAS STREET (BESIDE SM MANILA),BARANGAY 659,GUTTER DEEP LEVEL,8,PATV,HEAVY RAINFALL,BISING,14.589922,120.982151,Ermita,2.24,12176,1122,273,143,2708,1877400,7.47
07/18/2025 18:56,Padre Faura to intersection,BARANGAY 676,GUTTER DEEP LEVEL,8,PATV,TROPICAL CYCLONE,CRISING,14.57988181,120.9861456,Malate,2.96,14642,1820,427,248,4195,1877400,9.86
07/18/2025 18:56,Tat Avenue NBI,BARANGAY 676,GUTTER DEEP LEVEL,8,PATV,TROPICAL CYCLONE,CRISING,14.58047952,120.9857802,Malate,2.96,14642,1820,427,248,4195,1877400,9.86
07/18/2025 18:56,ALONG TAFT,BARANGAY 676,GUTTER DEEP LEVEL,8,PATV,TROPICAL CYCLONE,CIRING,14.58079979,120.9855977,Malate,2.96,14642,1820,427,248,4195,1877400,9.86
07/18/2025 19:46,QUIRINO AVE,BARANGAY 725,GUTTER DEEP LEVEL,8,PATV,TROPICAL CYCLONE,CIRING,14.5695997,120.9909805,Malate,2.41,15085,1589,295,151,3581,1877400,8.03
07/18/2025 20:02,PEDRO GIL CONER TAFT,BARANGAY 694,GUTTER DEEP LEVEL,8,PATV,TROPICAL CYCLONE,CIRING,14.5760305,120.9884097,Ermita,2.65,11332,1364,263,153,2758,1877400,8.83
07/18/2025 20:18,PADRE BURGOS AVE,BARANGAY 659,GUTTER DEEP LEVEL,8,PATV,TROPICAL CYCLONE,CRISING,14.5904318,120.9808318,Ermita,2.24,12176,1122,273,143,2708,1877400,7.47
07/18/2025 20:56,MAGSAYSAY BLVD,BARANGAY 586,GUTTER DEEP LEVEL,8,PATV,TROPICAL CYCLONE,CRISING,14.603908,121.0168057,Santa Mesa,2.81,11550,1297,280,158,3409,1877400,9.36
07/18/2025 21:08,"Blumentritt, cor P. Florentino Samploc Manila",BARANGAY 530,GUTTER DEEP LEVEL,8,PATV,TROPICAL CYCLONE,CRISING,14.6169741,120.9984831,Sampaloc,2.5,16231,1518,399,175,4427,1877400,8.32
07/18/2025 21:13,BLUMENTRITT RD FRONT OF MANILA NORTH CEMETERY,BARANGAY 372,GUTTER DEEP LEVEL,8,PATV,TROPICAL CYCLONE,CRISING,14.6260417,120.9889859,Santa Cruz,2.44,17911,1734,518,204,4367,1877400,8.14
07/18/2025 21:57,MAGSAYSAY BLVD,BARANGAY 594,GUTTER DEEP LEVEL,8,PATV,TROPICAL CYCLONE,CRISING,14.602887,121.015865,Santa Mesa,2.65,11960,1284,204,210,3348,1877400,8.82
07/19/2025 3:31,MALVAR ST. TAFT,BARANGAY 693,GUTTER DEEP LEVEL,8,PATV,TROPICAL CYCLONE,CRISING,14.57475092,120.9891084,Malate,2.41,7644,721,190,137,1846,1877400,8.03
07/21/2025 2:05,MABINI PEDRO GIL,BARANGAY 699,GUTTER DEEP LEVEL,8,PATV,HEAVY RAINFALL,CRISING,14.57386546,120.9830924,Malate,2.42,12908,1226,217,219,3352,1877400,8.06
07/21/2025 2:11,MABINI GOING TO U.N.,BARNGAY 669,GUTTER DEEP LEVEL,8,PATV,HEAVY RAINFALL,CRISING,14.5784967,120.9808714,Malate,2.68,11288,1387,331,128,2652,1877400,8.93
07/21/2025 2:16,Gen. Luna going Taft Ave.,BARANGAY 666,KNEE DEEP LEVEL,19,NPLV,HEAVY RAINFALL,CRISING,14.58287381,120.9840497,Ermita,10.99,9005,980,159,102,2601,1877400,8.9
07/21/2025 2:17,CECILIA MUNOZ STREET FRONT OF UDM,BARANGAY 659-A,GUTTER DEEP LEVEL,8,PATV,HEAVY RAINFALL,CRISING,14.5914688,120.9816986,Ermita,2.79,8259,874,220,142,2449,1877400,9.29
07/21/2025 2:17,Padre burgos front of Manila Cityhall,BARANGAY 659-A,GUTTER DEEP LEVEL,8,PATV,HEAVY RAINFALL,CRISING,14.58980266,120.9809962,Ermita,2.79,8259,874,220,142,2449,1877400,9.29
07/21/2025 2:18,NATIVIDAD LOPZ STREET FRONT OF SM MANILA,BARANGAY 659,GUTTER DEEP LEVEL,8,PATV,HEAVY RAINFALL,CRISING,14.5903345,120.982253,Ermita,2.24,12176,1122,273,143,2708,1877400,7.47
07/21/2025 2:20,NBI TAFT NORTH & SOUTH BOUND,BARANGAY 676,KNEE DEEP LEVEL,19,NPLV,HEAVY RAINFALL,CRISING,14.5814076,120.9853089,Ermita,11.28,14642,1820,427,248,4195,1877400,9.86
07/21/2025 2:20,San Marcelino going to Ayala Blvd,BARANGAY 659,GUTTER DEEP LEVEL,8,PATV,HEAVY RAINFALL,CRISING,14.5894477,120.9842828,Ermita,2.24,12176,1122,273,143,2708,1877400,7.47
07/21/2025 2:21,Taft Ave. PGH (northbound & southbound),BARANGAY 676,KNEE DEEP LEVEL,19,PATV,HEAVY RAINFALL,CRISING,14.57907332,120.9865426,Ermita,11.28,14642,1820,427,248,4195,1877400,9.86
07/21/2025 2:22,Abas Santos Ave. cor Recto Ave.,BARANGAY 240,GUTTER DEEP LEVEL,8,PATV,HEAVY RAINFALL,CRISING,14.6063485,120.9748633,Binondo,2.47,11106,1124,209,115,2891,1877400,8.22
07/21/2025 2:23,Finance Rd.,BARANGAY 666,GUTTER DEEP LEVEL,8,PATV,HEAVY RAINFALL,CRISING,14.58583471,120.9807784,Ermita,2.67,9005,980,159,102,2601,1877400,8.9
07/21/2025 2:23,Taft Ave. cor Pedro Gil,BARANGAY 693,GUTTER DEEP LEVEL,8,PATV,HEAVY RAINFALL,CRISING,14.57607355,120.9882555,Malate,2.41,7644,721,190,137,1846,1877400,8.03
07/21/2025 2:26,Taft Ave. cor Gen. Malvar,BARANGAY 693,HALF KNEE DEEP LEVEL,10,PATV,HEAVY RAINFALL,CRISING,14.57474444,120.9890228,Malate,3.92,7644,721,190,137,1846,1877400,8.03
07/21/2025 2:27,L. Guinto cor Remedios to L. Guinto cor Pedro Gil,BARNGAY 690,GUTTER DEEP LEVEL,8,PATV,HEAVY RAINFALL,CRISING,14.57471782,120.9901942,Malate,2.68,13263,1345,377,142,3828,1877400,8.95
07/21/2025 2:28,DELPAN STREET,BARANGAY 275,GUTTER DEEP LEVEL,8,PATV,HEAVY RAINFALL,CRISING,14.5994309,120.9652204,San Nicolas,2.51,15146,1562,260,243,3974,1877400,8.38
07/21/2025 2:32,TAFT PGH NORTH BOUND,BARANGAY 694,GUTTER DEEP LEVEL,8,PATV,HEAVY RAINFALL,CRISING,14.5774487,120.9876284,Ermita,2.65,11332,1364,263,153,2758,1877400,8.83
07/21/2025 2:52,"PADRE BURGOS INFRONT OF KARTILYA GOING TO 
JONES BRIDGE & MC ARTHUR BRIDGE",BARANGAY 659-A,GUTTER DEEP LEVEL,8,PATV,HEAVY RAINFALL,CRISING,14.59110483,120.9806803,Ermita,2.79,8259,874,220,142,2449,1877400,9.29
07/21/2025 2:53,PADRE BURGOS INFRONT OF PARK N RIDE,BARANGAY 659-A,GUTTER DEEP LEVEL,8,PATV,HEAVY RAINFALL,CRISING,14.59269577,120.9802258,Ermita,2.79,8259,874,220,142,2449,1877400,9.29
07/21/2025 3:02,Tayuman cor Abad Santos Ave.,BARANGAY 226,HALF KNEE DEEP LEVEL,10,PATV,HEAVY RAINFALL,CRISING,14.61674331,120.9772625,Tondo I and II,4.06,8656,1032,145,113,2043,1877400,8.48
07/21/2025 3:03,Kalaw going Taft Ave.,BARANGAY 666,HALF KNEE DEEP LEVEL,10,PATV,HEAVY RAINFALL,CRISING,14.58351067,120.9839348,Ermita,4.18,9005,980,159,102,2601,1877400,8.9
07/21/2025 3:18,"ESPAÑA, DELA FUENTE",BARANGAY 450,GUTTER DEEP LEVEL,8,PATV,HEAVY RAINFALL,CRISING,14.6111363,120.9946437,Sampaloc,2.5,11823,1247,291,157,2866,1877400,8.33
07/21/2025 3:48,"Maceda, Dapitan to Dapitan, Vicente Cruz",BARANGAY 519,HALF KNEE DEEP LEVEL,10,PATV,HEAVY RAINFALL,CRISING,14.61648403,120.9934302,Sampaloc,4.05,9873,1136,242,154,2228,1877400,8.46
07/21/2025 6:20,"ESPAÑA, ANTIPOLO STREET",BARANGAY 523,KNEE DEEP LEVEL,19,PATV,HEAVY RAINFALL,CRISING,14.61316628,120.9963771,Sampaloc,11.15,14368,1863,271,179,3889,1877400,9.41
07/21/2025 7:26,Taft Ave. PGH,BARANGAY 694,GUTTER DEEP LEVEL,8,PATV,HEAVY RAINFALL,CRISING,14.57732576,120.9874819,Malate,2.65,11332,1364,263,153,2758,1877400,8.83
07/21/2025 7:53,UN CORNER TAFT AVE.,BARANGAY 676,GUTTER DEEP LEVEL,8,PATV,HEAVY RAINFALL,CRISING,14.5822055,120.9849399,Malate,2.96,14642,1820,427,248,4195,1877400,9.86
07/21/2025 8:52,ESPANA BLVD SOUTHBOUND & NORTHBOUND,BARANGAY 525,GUTTER DEEP LEVEL,8,PATV,HEAVY RAINFALL,CRISING,14.6135756,120.997198,Sampaloc,2.68,8568,970,186,113,2324,1877400,8.95
07/21/2025 8:53,TAFT AVE. CORNER  GEN. MALVAR STREET,BARANGAY 693,GUTTER DEEP LEVEL,8,PATV,HEAVY RAINFALL,CRISING,14.5747771,120.9889859,Malate,2.41,7644,721,190,137,1846,1877400,8.03
07/21/2025 8:59,DELA FUENTE STREET,BARANGAY 450,GUTTER DEEP LEVEL,8,PATV,HEAVY RAINFALL,CRISING,14.6112566,120.9945404,Sampaloc,2.5,11823,1247,291,157,2866,1877400,8.33
07/21/2025 9:02,SOLIS ABAD SANTOS,BARANGAY 220,GUTTER DEEP LEVEL,8,PATV,HEAVY RAINFALL,CRISING,14.6235811,120.9781678,Tondo I and II,2.52,15101,1549,398,252,3710,1877400,8.4
07/21/2025 9:04,YUSECO ABAD SANTOS,BARANGAY 361,GUTTER DEEP LEVEL,8,PATV,HEAVY RAINFALL,CRISING,14.6194851,120.9777981,Tondo I and II,2.88,13162,1636,311,217,3698,1877400,9.6
07/21/2025 9:05,TAYUMAN ABAD SANTOS,BARANGAY 226,GUTTER DEEP LEVEL,8,PATV,HEAVY RAINFALL,CRISING,14.61693764,120.9772763,Tondo I and II,2.54,8656,1032,145,113,2043,1877400,8.48
07/21/2025 9:06,QUIRICADA  ABAD SANTOS,BARANGAY 255,GUTTER DEEP LEVEL,8,PATV,HEAVY RAINFALL,CRISING,14.6139416,120.9765577,Tondo I and II,2.65,8888,1073,247,115,2075,1877400,8.82
07/21/2025 9:07,BAMBANG ABAD SANTOS,BARANGAY 257,GUTTER DEEP LEVEL,8,PATV,HEAVY RAINFALL,CRISING,14.6128607,120.9762919,Tondo I and II,2.67,11057,1351,207,113,2839,1877400,8.89
07/21/2025 9:15,Plaza Lorenzo Ruiz Binondo,BARANGAY 289,GUTTER DEEP LEVEL,8,PATV,HEAVY RAINFALL,CRISING,14.60100585,120.9733076,Binondo,2.79,8195,1016,235,115,2085,1877400,9.3
07/21/2025 9:24,NBI TAFT,BARANGAY 676,GUTTER DEEP LEVEL,8,PATV,HEAVY RAINFALL,CRISING,14.581408,120.985309,Ermita,2.96,14642,1820,427,248,4195,1877400,9.86
07/21/2025 9:28,KALAW AVE & TAFT AVE.,BARANGAY 660-A,GUTTER DEEP LEVEL,8,PATV,HEAVY RAINFALL,CRISING,14.5838218,120.9838595,Ermita,2.41,8559,954,146,121,1907,1877400,8.04
07/21/2025 9:28,PERDRO GIL STATION,BARANGAY 694,GUTTER DEEP LEVEL,8,PATV,HEAVY RAINFALL,CRISING,14.5765935,120.9879901,Ermita,2.65,11332,1364,263,153,2758,1877400,8.83
07/21/2025 9:30,UN AVE. & TAFT AVE.,BARANGAY 674,GUTTER DEEP LEVEL,8,PATV,HEAVY RAINFALL,CRISING,14.5830664,120.9843133,Ermita,2.58,9052,900,222,143,2459,1877400,8.61
07/21/2025 9:30,TAFT AVE. CORNER  GEN. MALVAR STREET,BARANGAY 693,GUTTER DEEP LEVEL,8,PATV,HEAVY RAINFALL,CRISING,14.574777,120.988986,Malate,2.41,7644,721,190,137,1846,1877400,8.03
07/21/2025 9:32,NBI TAFT,BARANGAY 676,GUTTER DEEP LEVEL,8,PATV,HEAVY RAINFALL,CRISING,14.5816074,120.9851021,Ermita,2.96,14642,1820,427,248,4195,1877400,9.86
07/21/2025 9:36,PGH TAFT AVE.,BARANGAY 694,GUTTER DEEP LEVEL,8,PATV,HEAVY RAINFALL,CRISING,14.5773445,120.9874572,Malate,2.65,11332,1364,263,153,2758,1877400,8.83
07/21/2025 9:40,Taft Ave & Pedro Gil,BARANGAY 694,HALF KNEE DEEP LEVEL,10,PATV,HEAVY RAINFALL,CRISING,14.57608296,120.9882084,Ermita,4.16,11332,1364,263,153,2758,1877400,8.83
07/21/2025 9:47,PEDRO GIL,BARANGAY 695,GUTTER DEEP LEVEL,8,PATV,HEAVY RAINFALL,CRISING,14.5761083,120.9883648,Ermita,2.87,17018,2027,428,259,4928,1877400,9.57
07/21/2025 9:57,TAFT AVE. INFRONT OF PGH,BARANGAY 676,GUTTER DEEP LEVEL,8,PATV,HEAVY RAINFALL,CRISING,14.57948354,120.9862999,Ermita,2.96,14642,1820,427,248,4195,1877400,9.86
07/21/2025 9:58,Quirino Ave,BARANGAY 725,GUTTER DEEP LEVEL,8,PATV,HEAVY RAINFALL,CRISING,14.5699207,120.9913337,Malate,2.41,15085,1589,295,151,3581,1877400,8.03
07/21/2025 10:00,BASECO PORT AREA MANILA,BARANGAY 649,GUTTER DEEP LEVEL,8,PATV,HEAVY RAINFALL,CRISING,14.59396685,120.9631404,Port Area,2.74,7030,836,197,103,1797,1877400,9.13
07/21/2025 10:02,Quirino Ave & Angel Linao St,BARANGAY 740,GUTTER DEEP LEVEL,8,PATV,HEAVY RAINFALL,CRISING,14.57398051,120.994549,Malate,2.35,10134,948,173,142,2538,1877400,7.82
07/21/2025 10:22,GERARDO TUAZON STREET,BARANGAY 421,GUTTER DEEP LEVEL,8,PATV,HEAVY RAINFALL,CRISING,14.6050184,121.000007,Sampaloc,2.81,13438,1637,297,187,3719,1877400,9.36
07/21/2025 10:29,Cristobal st sampaloc manila,BARANGAY 545,GUTTER DEEP LEVEL,8,PATV,HEAVY RAINFALL,CRISING,14.6090539,120.9986717,Sampaloc,2.68,13031,1464,291,140,3583,1877400,8.94
07/21/2025 10:37,GERARDO TUAZON,BARANGAY 574,GUTTER DEEP LEVEL,8,PATV,HEAVY RAINFALL,CRISING,14.6060656,121.0016794,Sampaloc,2.52,15845,1651,394,259,3887,1877400,8.4
07/21/2025 10:40,"DOMINGO SANTIAGO, SAMPALOC, MANILA",BARANGAY 569,GUTTER DEEP LEVEL,8,PATV,HEAVY RAINFALL,CRISING,14.6056277,121.0043577,Sampaloc,2.76,10219,1258,239,181,2615,1877400,9.2
07/21/2025 10:42,"Visayan Avenue, Sampaloc, Manila",BARANGAY 581,GUTTER DEEP LEVEL,8,PATV,HEAVY RAINFALL,CRISING,14.6062213,121.0056124,Sampaloc,2.71,7105,905,173,128,1654,1877400,9.04
07/21/2025 11:12,ESPAÑA BLVD,BARANGAY 453,HALF KNEE DEEP LEVEL,10,PATV,HEAVY RAINFALL,CRISING,14.6105049,120.9938043,Sampaloc,4.09,9526,1044,264,106,2359,1877400,8.6
07/21/2025 11:14,DELA FUENTE,BARANGAY 442,HALF KNEE DEEP LEVEL,10,PATV,HEAVY RAINFALL,CRISING,14.6101168,120.9955987,Sampaloc,3.9,12357,1352,195,126,2832,1877400,7.94
07/21/2025 11:21,SAN LORENZO STREET BRGY 598 DAMCA MANILA,BARANGAY 598,KNEE DEEP LEVEL,19,NPLV,HEAVY RAINFALL,CRISING,14.60103753,121.020172,Santa Mesa,11.23,13939,1811,398,181,3737,1877400,9.69
07/21/2025 12:18,RIZAL AVE CORNER RECTO,BARANGAY 659,GUTTER DEEP LEVEL,8,PATV,HEAVY RAINFALL,CRISING,14.6041164,120.9819785,Santa Cruz,2.24,12176,1122,273,143,2708,1877400,7.47
07/21/2025 13:01,Pedro Gil St & A. Mabini St,BARANGAY 699,GUTTER DEEP LEVEL,8,PATV,HEAVY RAINFALL,CRISING,14.5739163,120.9831303,Malate,2.42,12908,1226,217,219,3352,1877400,8.06
07/21/2025 13:04,Antonio Flores St & Mabini St,BARANGAY 667,GUTTER DEEP LEVEL,8,PATV,HEAVY RAINFALL,CRISING,14.5790177,120.9806648,Malate,2.54,10641,1132,264,191,2583,1877400,8.47
07/21/2025 13:25,Abad Santos Ave & Recto Ave,BARANGAY 266,GUTTER DEEP LEVEL,8,PATV,HEAVY RAINFALL,CRISING,14.6059632,120.974854,Binondo,2.74,10983,1391,201,197,2770,1877400,9.12
07/21/2025 13:26,Abad Santos Ave & Mayhaligue St,BARANGAY 264,GUTTER DEEP LEVEL,8,PATV,HEAVY RAINFALL,CRISING,14.61043267,120.9758389,Tondo I and II,2.51,15833,1617,395,204,4013,1877400,8.38
07/21/2025 13:30,Abad Santos Ave & Quiricada St,BARANGAY 255,GUTTER DEEP LEVEL,8,PATV,HEAVY RAINFALL,CRISING,14.6136732,120.9766741,Tondo I and II,2.65,8888,1073,247,115,2075,1877400,8.82
07/21/2025 14:00,BLK 1 DUBAI 649 BASECO PORT AREA MANILA,BARANGAY 649,GUTTER DEEP LEVEL,8,PATV,HEAVY RAINFALL,CRISING,14.5913148,120.955893,Port Area,2.74,7030,836,197,103,1797,1877400,9.13
07/21/2025 14:00,649 BASECO PORT AREA MANILA INFRONT OF PRES. CORAZON C. AQUINO GENERAL HOSPITAL,BARANGAY 649,GUTTER DEEP LEVEL,8,PATV,HEAVY RAINFALL,CRISING,14.5912543,120.9572822,Port Area,2.74,7030,836,197,103,1797,1877400,9.13
07/21/2025 14:00,HABITAT GOING TO MARKET 649 BASECO PORT AREA MANILA,BARANGAY 649,GUTTER DEEP LEVEL,8,PATV,HEAVY RAINFALL,CRISING,14.591409,120.958958,Port Area,2.74,7030,836,197,103,1797,1877400,9.13
07/21/2025 14:13,BLK 6 HABITAT ALONG BARANGAY HALL  BAASECO PORT AREA MANILA,BARANGAY 649,GUTTER DEEP LEVEL,8,PATV,HEAVY RAINFALL,CRISING,14.5912361,120.9607013,Port Area,2.74,7030,836,197,103,1797,1877400,9.13
07/21/2025 14:33,BLK 1 DUBAI BASECO PORT AREA MANILA,BARANGAY 649,GUTTER DEEP LEVEL,8,PATV,HEAVY RAINFALL,CRISING,14.5920494,120.9554232,Port Area,2.74,7030,836,197,103,1797,1877400,9.13
07/21/2025 15:14,LACSON AVE. ESPANA NORTH & SOUTH BOUND GOING TO VINCETE CRUZ,BARANGAY 453,GUTTER DEEP LEVEL,8,PATV,HEAVY RAINFALL,CRISING,14.6103194,120.9933424,Sampaloc,2.58,9526,1044,264,106,2359,1877400,8.6
07/22/2025 0:12,QUIRINO AVENUE MANILA,BARANGAY 720,GUTTER DEEP LEVEL,8,PATV,HEAVY RAINFALL,"CRISING, DANTE",14.5670809,120.9890308,Malate,2.46,14387,1429,424,201,3423,1877400,8.21
07/22/2025 0:15,QUIRINO AVE CORNER TAFT AVE.,BARANGAY 725,GUTTER DEEP LEVEL,8,PATV,HEAVY RAINFALL,"CRISING, DANTE",14.5698248,120.9912531,Malate,2.41,15085,1589,295,151,3581,1877400,8.03
07/22/2025 0:19,TAFT AVE CORNER NAKPLI STREET,BARANGAY 692,HALF KNEE DEEP LEVEL,10,PATV,HEAVY RAINFALL,"CRISING, DANTE",14.5737977,120.9896605,Ermita,4.18,8359,989,192,130,2090,1877400,8.89
07/22/2025 0:29,Taft Ave & Pedro Gil St,BARANGAY 694,HALF KNEE DEEP LEVEL,10,PATV,HEAVY RAINFALL,"CRISING, DANTE",14.5761452,120.9883442,Ermita,4.16,11332,1364,263,153,2758,1877400,8.83
07/22/2025 0:30,TAFT AVE CORNER AYALA BLVD,BARANGAY 660-A,GUTTER DEEP LEVEL,8,PATV,HEAVY RAINFALL,"CRISING, DANTE",14.5861209,120.982713,Ermita,2.41,8559,954,146,121,1907,1877400,8.04
07/22/2025 0:39,LOYOLA STREET CORNER R.PAPA,BARANGAY 402,GUTTER DEEP LEVEL,8,PATV,HEAVY RAINFALL,"CRISING, DANTE",14.6028238,120.9887218,Sampaloc,2.58,8107,786,127,123,2399,1877400,8.61
07/22/2025 0:40,RECTO AVE CORNER ALONZO STREET,BARANGAY 313,GUTTER DEEP LEVEL,8,PATV,HEAVY RAINFALL,"CRISING, DANTE",14.6042664,120.9797065,Santa Cruz,2.83,10116,1244,273,173,2690,1877400,9.44
07/22/2025 0:45,LEGARDA STREET,BARANGAY 412,GUTTER DEEP LEVEL,8,PATV,HEAVY RAINFALL,"CRISING, DANTE",14.600968,120.99166,Sampaloc,2.75,8429,916,228,106,2413,1877400,9.16
07/22/2025 0:50,BLK 15 649 BASECO PORT AREA MANILA,BARANGAY 649,GUTTER DEEP LEVEL,8,PATV,HEAVY RAINFALL,"CRISING, DANTE",14.5926548,120.955512,Port Area,2.74,7030,836,197,103,1797,1877400,9.13
07/22/2025 0:52,NATIVIDAD LOPEZ STREET,BARANGAY 659,GUTTER DEEP LEVEL,8,PATV,HEAVY RAINFALL,"CRISING, DANTE",14.5904227,120.9846855,Ermita,2.24,12176,1122,273,143,2708,1877400,7.47
07/22/2025 0:57,CECILIA MUNOZ STREET INFRON OF UDM,BARANGAY 659-A,KNEE DEEP LEVEL,19,PATV,HEAVY RAINFALL,"CRISING, DANTE",14.5914439,120.9818059,Ermita,11.11,8259,874,220,142,2449,1877400,9.29
07/22/2025 1:00,APLAYA 649 BASECO PORT AREA MANILA,BARANGAY 649,GUTTER DEEP LEVEL,8,PATV,HEAVY RAINFALL,"CRISING, DANTE",14.5873469,120.9569319,Port Area,2.74,7030,836,197,103,1797,1877400,9.13
07/22/2025 1:02,San Lorenzo st. Brgy 598 Damka Sta. Mesa,BARANGAY 598,KNEE DEEP LEVEL,19,NPLV,HEAVY RAINFALL,"CRISING, DANTE",14.60081808,121.0204172,Santa Mesa,11.23,13939,1811,398,181,3737,1877400,9.69
07/22/2025 1:20,HABITAT BASECO PORT AREA MANILA,BARANGAY 649,GUTTER DEEP LEVEL,8,PATV,HEAVY RAINFALL,"CRISING, DANTE",14.5921768,120.960654,Port Area,2.74,7030,836,197,103,1797,1877400,9.13
07/22/2025 1:24,HABITAT INFRON OF BASECO MULTI-PURPOSE BUILDING PORT AREA MANILA,BARANGAY 649,HALF KNEE DEEP LEVEL,10,PATV,HEAVY RAINFALL,"CRISING, DANTE",14.5922038,120.9605888,Port Area,4.25,7030,836,197,103,1797,1877400,9.13
07/22/2025 1:36,España Blvd,BARANGAY 455,HALF KNEE DEEP LEVEL,10,NPLV,HEAVY RAINFALL,"CRISING, DANTE",14.6096078,120.9925999,Sampaloc,4.24,13636,1657,214,224,3681,1877400,9.1
07/22/2025 1:58,FINANCE ROAD,BARANGAY 660-A,HALF KNEE DEEP LEVEL,10,NPLV,HEAVY RAINFALL,"CRISING, DANTE",14.5862725,120.9817502,Ermita,3.93,8559,954,146,121,1907,1877400,8.04
07/22/2025 2:03,KALAW AVE. CORNER ROXAS BLVD,BARANGAY 666,GUTTER DEEP LEVEL,8,PATV,HEAVY RAINFALL,"CRISING, DANTE",14.5798868,120.9771406,Ermita,2.67,9005,980,159,102,2601,1877400,8.9
07/22/2025 2:05,SERVICE ROAD ROXAS BLVD,BARANGAY 667,GUTTER DEEP LEVEL,8,PATV,HEAVY RAINFALL,"CRISING, DANTE",14.5788595,120.9782369,Ermita,2.54,10641,1132,264,191,2583,1877400,8.47
07/22/2025 2:56,Side of SM Manila,BARANGAY 658,KNEE DEEP LEVEL,19,NPLV,HEAVY RAINFALL,"CRISING, DANTE",14.59041855,120.9834236,Ermita,10.81,12121,1424,214,137,2753,1877400,8.27
07/22/2025 2:59,Ayala Cor San Marcelino St Ermita Manila,BARANGAY 663,GUTTER DEEP LEVEL,8,PATV,HEAVY RAINFALL,"CRISING, DANTE",14.58874923,120.9845933,Ermita,2.65,14690,1692,325,174,3821,1877400,8.83
07/22/2025 3:01,Infront of TUP Manila Campus San Marcelino St Ermita Manila,BARANGAY 658,HALFT TIRE LEVEL DEEP,13,PATV,HEAVY RAINFALL,"CRISING, DANTE",14.58728444,120.9852493,Ermita,6.26,12121,1424,214,137,2753,1877400,8.27
07/22/2025 3:03,infront of Adamson Main Gate San Marcelino St Ermita,BARANGAY 689,HALFT TIRE LEVEL DEEP,13,NPLV,HEAVY RAINFALL,"CRISING, DANTE",14.5872895,120.9852477,Ermita,6.63,10434,1206,279,136,3047,1877400,9.49
07/22/2025 8:33,Taft Avenue Cor Malvar St Malate Manila,BARANGAY 693,GUTTER DEEP LEVEL,8,PATV,HEAVY RAINFALL,"CRISING, DANTE",14.57482544,120.9891611,Malate,2.41,7644,721,190,137,1846,1877400,8.03
07/22/2025 8:34,Taft Avenue Cor Pedro Gil St Paco Manila,BARANGAY 694,GUTTER DEEP LEVEL,8,PATV,HEAVY RAINFALL,"CRISING, DANTE",14.57613455,120.9883881,Paco,2.65,11332,1364,263,153,2758,1877400,8.83
07/22/2025 8:36,Infront of PGH in Taft Avenue Ermita Manila,BARANGAY 694,GUTTER DEEP LEVEL,8,PATV,HEAVY RAINFALL,"CRISING, DANTE",14.57730108,120.9877244,Ermita,2.65,11332,1364,263,153,2758,1877400,8.83
07/22/2025 8:38,Taft Avenue Cor Apacible St Paco Manila,BARANGAY 675,GUTTER DEEP LEVEL,8,PATV,HEAVY RAINFALL,"CRISING, DANTE",14.5786898,120.9868643,Paco,2.77,7795,887,197,107,2197,1877400,9.24
07/22/2025 8:39,Taft Avenue Cor Padre Faura St Ermita Manila,BARANGAY 676,GUTTER DEEP LEVEL,8,PATV,HEAVY RAINFALL,"CRISING, DANTE",14.57996604,120.986073,Ermita,2.96,14642,1820,427,248,4195,1877400,9.86
07/22/2025 8:41,Infront of Manila Science Ermita Manila,BARANGAY 676,GUTTER DEEP LEVEL,8,PATV,HEAVY RAINFALL,"CRISING, DANTE",14.58060084,120.9857435,Ermita,2.96,14642,1820,427,248,4195,1877400,9.86
07/22/2025 8:42,Infront of National Bureau of Investigation Ermita Manila,BARANGAY 676,HALFT TIRE LEVEL DEEP,13,NPLV,HEAVY RAINFALL,"CRISING, DANTE",14.58064367,120.9855663,Ermita,6.74,14642,1820,427,248,4195,1877400,9.86
07/22/2025 8:44,Taft Avenue Cor United Nations Avenue Ermita Manila,BARANGAY 674,GUTTER DEEP LEVEL,8,PATV,HEAVY RAINFALL,"CRISING, DANTE",14.58281692,120.9844435,Ermita,2.58,9052,900,222,143,2459,1877400,8.61
07/22/2025 8:45,Taft Avenue Cor Kalaw Ave Ermita Manila,BARANGAY 674,GUTTER DEEP LEVEL,8,PATV,HEAVY RAINFALL,"CRISING, DANTE",14.58360873,120.984093,Ermita,2.58,9052,900,222,143,2459,1877400,8.61
07/22/2025 9:54,KALAW AVE CORNER TAFT AVE.,BARANGAY 674,GUTTER DEEP LEVEL,8,PATV,HEAVY RAINFALL,"CRISING, DANTE",14.5836648,120.9839481,Ermita,2.58,9052,900,222,143,2459,1877400,8.61
07/22/2025 9:57,TAFT AVE CORNER PADRE FAURA STREET,BARANGAY 676,GUTTER DEEP LEVEL,8,PATV,HEAVY RAINFALL,"CRISING, DANTE",14.5799175,120.9862178,Ermita,2.96,14642,1820,427,248,4195,1877400,9.86
07/22/2025 9:58,Infront of PGH Ermita Manila,BARANGAY 675,GUTTER DEEP LEVEL,8,PATV,HEAVY RAINFALL,"CRISING, DANTE",14.57810586,120.9872524,Ermita,2.77,7795,887,197,107,2197,1877400,9.24
07/22/2025 10:00,Taft Avenue Cor Pedro Gil St Ermita Manila,BARANGAY 694,GUTTER DEEP LEVEL,8,PATV,HEAVY RAINFALL,"CRISING, DANTE",14.57656203,120.988079,Ermita,2.65,11332,1364,263,153,2758,1877400,8.83
07/22/2025 12:00,TAFT AVE CORNER QUIRINO AVE.,BARANGAY 724,GUTTER DEEP LEVEL,8,PATV,HEAVY RAINFALL,"CRISING, DANTE",14.5702817,120.9914671,Malate,2.92,11709,1491,328,135,3296,1877400,9.75
07/22/2025 12:02,TAFT AVE. CORNER PEDRO GIL STREET,BARANGAY 694,GUTTER DEEP LEVEL,8,PATV,HEAVY RAINFALL,"CRISING, DANTE",14.5757891,120.9885443,Ermita,2.65,11332,1364,263,153,2758,1877400,8.83
07/22/2025 12:03,TAFT AVE CORNER GEN MALVAR STREET,BARANGAY 693,GUTTER DEEP LEVEL,8,PATV,HEAVY RAINFALL,"CRISING, DANTE",14.5747441,120.9891913,Malate,2.41,7644,721,190,137,1846,1877400,8.03
07/22/2025 12:09,KALAW AVE CORNER TAFT AVE,BARANGAY 674,GUTTER DEEP LEVEL,8,PATV,HEAVY RAINFALL,"CRISING, DANTE",14.5833458,120.9842998,Ermita,2.58,9052,900,222,143,2459,1877400,8.61
07/22/2025 12:11,KALAW AVE CORNER TAFT AVE,BARANGAY 660-A,GUTTER DEEP LEVEL,8,PATV,HEAVY RAINFALL,"CRISING, DANTE",14.5836114,120.9843911,Ermita,2.41,8559,954,146,121,1907,1877400,8.04
07/22/2025 12:23,TAFT AVE CORNER ESCODA STREET,BARANGAY 694,GUTTER DEEP LEVEL,8,PATV,HEAVY RAINFALL,"CRISING, DANTE",14.5773146,120.9876635,Ermita,2.65,11332,1364,263,153,2758,1877400,8.83
07/22/2025 12:25,TAFT AVE CORNER ESCODA STREET,BARANGAY 694,GUTTER DEEP LEVEL,8,PATV,HEAVY RAINFALL,"CRISING, DANTE",14.5774487,120.9876284,Ermita,2.65,11332,1364,263,153,2758,1877400,8.83
07/22/2025 13:35,Taft Avenue Cor UN Ermita Manila (Southbound),BARANGAY 676,GUTTER DEEP LEVEL,8,PATV,HEAVY RAINFALL,"CRISING, DANTE",14.58248474,120.9844894,Ermita,2.96,14642,1820,427,248,4195,1877400,9.86
07/22/2025 13:36,Infront of NBI Manila (Southbound),BARANGAY 676,KNEE DEEP LEVEL,19,NPLV,HEAVY RAINFALL,"CRISING, DANTE",14.58222516,120.984602,Ermita,11.28,14642,1820,427,248,4195,1877400,9.86
07/22/2025 13:37,Taft Avenue Cor Padre Faura St (Southbound),BARANGAY 56,GUTTER DEEP LEVEL,8,PATV,HEAVY RAINFALL,"CRISING, DANTE",14.61043579,120.9712137,Ermita,2.62,7375,711,209,114,2056,1877400,8.72
07/22/2025 13:39,Infront of PGH (Southbound),BARANGAY 675,GUTTER DEEP LEVEL,8,PATV,HEAVY RAINFALL,"CRISING, DANTE",14.57856358,120.9867942,Ermita,2.77,7795,887,197,107,2197,1877400,9.24
07/22/2025 13:41,Taft Avenue Cor Pedro Gil St (Southbound),BARANGAY 694,GUTTER DEEP LEVEL,8,PATV,HEAVY RAINFALL,"CRISING, DANTE",14.57623083,120.988081,Ermita,2.65,11332,1364,263,153,2758,1877400,8.83
07/22/2025 13:42,Taft Avenue Cor General Marval St (Southbound),BARANGAY 693,GUTTER DEEP LEVEL,8,PATV,HEAVY RAINFALL,"CRISING, DANTE",14.57480475,120.9891547,Malate,2.41,7644,721,190,137,1846,1877400,8.03
07/22/2025 14:23,Taft Avenue Cor Padre Faura,BARANGAY 676,GUTTER DEEP LEVEL,8,PATV,HEAVY RAINFALL,"CRISING, DANTE",14.579973,120.9860787,Ermita,2.96,14642,1820,427,248,4195,1877400,9.86
07/22/2025 14:23,Kalaw Avenue facing Taft Avenue,BARANGAY 674,GUTTER DEEP LEVEL,8,PATV,HEAVY RAINFALL,"CRISING, DANTE",14.58346838,120.98372,Ermita,2.58,9052,900,222,143,2459,1877400,8.61
07/22/2025 14:23,Infront of NBI Taft Avenue,BARANGAY 676,GUTTER DEEP LEVEL,8,PATV,HEAVY RAINFALL,"CRISING, DANTE",14.5814828,120.9853461,Ermita,2.96,14642,1820,427,248,4195,1877400,9.86
07/22/2025 14:23,Quirino Station (Northbound),BARANGAY 724,GUTTER DEEP LEVEL,8,PATV,HEAVY RAINFALL,"CRISING, DANTE",14.570637,120.9915111,Ermita,2.92,11709,1491,328,135,3296,1877400,9.75
07/22/2025 20:08,In Front of NBI Taft Avenue,BARANGAY 676,GUTTER DEEP LEVEL,8,PATV,HEAVY RAINFALL,"CRISING, DANTE",14.5802011,120.9858934,Ermita,2.96,14642,1820,427,248,4195,1877400,9.86
07/22/2025 20:08,Taft Ave Cor Padre Faura,BARANGAY 676,GUTTER DEEP LEVEL,8,PATV,HEAVY RAINFALL,"CRISING, DANTE",14.57994653,120.9861454,Ermita,2.96,14642,1820,427,248,4195,1877400,9.86
07/22/2025 20:08,TAFT NBI Parking,BARANGAY 676,GUTTER DEEP LEVEL,8,PATV,HEAVY RAINFALL,"CRISING, DANTE",14.5816074,120.9851021,Ermita,2.96,14642,1820,427,248,4195,1877400,9.86
07/22/2025 20:08,Taft Faura to Intersectiob,BARANGAY 676,GUTTER DEEP LEVEL,8,PATV,HEAVY RAINFALL,"CRISING, DANTE",14.57987491,120.9860792,Ermita,2.96,14642,1820,427,248,4195,1877400,9.86
07/22/2025 20:08,Pedro Gil Station,BARANGAY 694,GUTTER DEEP LEVEL,8,PATV,HEAVY RAINFALL,"CRISING, DANTE",14.57656359,120.9879238,Ermita,2.65,11332,1364,263,153,2758,1877400,8.83
07/23/2025 0:25,Pedro Gil Cor Taft Ave,BARANGAY 694,GUTTER DEEP LEVEL,8,PATV,HEAVY RAINFALL,"CRISING, DANTE",14.57602728,120.9882341,Malate,2.65,11332,1364,263,153,2758,1877400,8.83
07/23/2025 0:26,TAFT AVE CORNER PEDRO GIL STREET,BARANGAY 694,GUTTER DEEP LEVEL,8,PATV,HEAVY RAINFALL,"CRISING, DANTE",14.5759509,120.9884546,Malate,2.65,11332,1364,263,153,2758,1877400,8.83
07/23/2025 0:27,TAFT AVE INFRONT OF PGH,BARANGAY 684,GUTTER DEEP LEVEL,8,PATV,HEAVY RAINFALL,"CRISING, DANTE",14.5776164,120.9875212,Ermita,2.9,10245,1276,172,183,3029,1877400,9.65
07/23/2025 0:28,PADRE FAURA STREET,BARANGAY 676,GUTTER DEEP LEVEL,8,PATV,HEAVY RAINFALL,"CRISING, DANTE",14.580014,120.9861952,Ermita,2.96,14642,1820,427,248,4195,1877400,9.86
07/23/2025 0:28,Padre Faura,BARANGAY 676,GUTTER DEEP LEVEL,8,PATV,HEAVY RAINFALL,"CRISING, DANTE",14.5808952,120.9856723,Ermita,2.96,14642,1820,427,248,4195,1877400,9.86
07/23/2025 0:28,Padre Faura Cor Taft Ave,BARANGAY 676,GUTTER DEEP LEVEL,8,PATV,HEAVY RAINFALL,"CRISING, DANTE",14.57987491,120.9860792,Ermita,2.96,14642,1820,427,248,4195,1877400,9.86
07/23/2025 0:29,Taft Avenue,BARANGAY 676,GUTTER DEEP LEVEL,8,PATV,HEAVY RAINFALL,"CRISING, DANTE",14.5807542,120.9856492,Ermita,2.96,14642,1820,427,248,4195,1877400,9.86
07/23/2025 0:30,"Plaza Rueda, United Nations Ave.",BARANGAY 676,GUTTER DEEP LEVEL,8,PATV,HEAVY RAINFALL,"CRISING, DANTE",14.582007,120.985049,Paco,2.96,14642,1820,427,248,4195,1877400,9.86
07/23/2025 0:32,UNITED NATIONS AVE,BARANGAY 676,GUTTER DEEP LEVEL,8,PATV,HEAVY RAINFALL,"CRISING, DANTE",14.5813211,120.98544,Ermita,2.96,14642,1820,427,248,4195,1877400,9.86
07/23/2025 1:13,Arranque Market Sta Cruz Manila,BARANGAY 313,CHEST DEEP LEVEL,45,NPATV,HEAVY RAINFALL,"CRISING, DANTE",14.60486273,120.979378,Santa Cruz,30.83,10116,1244,273,173,2690,1877400,9.44
07/23/2025 2:50,Gen. Malvar Cor Taft Ave.,BARANGAY 693,GUTTER DEEP LEVEL,8,PATV,HEAVY RAINFALL,"CRISING, DANTE",14.5746943,120.9890002,Malate,2.41,7644,721,190,137,1846,1877400,8.03
07/23/2025 2:50,Taft Ave Cor Pedro Gil,BARANGAY 694,GUTTER DEEP LEVEL,8,PATV,HEAVY RAINFALL,"CRISING, DANTE",14.57622718,120.9883421,Ermita,2.65,11332,1364,263,153,2758,1877400,8.83
07/23/2025 2:50,Taft Ave. Cor Escoda,BARANGAY 694,GUTTER DEEP LEVEL,8,PATV,HEAVY RAINFALL,"CRISING, DANTE",14.57733566,120.9875378,Ermita,2.65,11332,1364,263,153,2758,1877400,8.83
07/23/2025 2:50,Taft Ave. Cor Padre Faura,BARANGAY 676,GUTTER DEEP LEVEL,8,PATV,HEAVY RAINFALL,"CRISING, DANTE",14.57987491,120.9860792,Ermita,2.96,14642,1820,427,248,4195,1877400,9.86
07/23/2025 2:50,Taft Ave. Cor UN,BARANGAY 676,GUTTER DEEP LEVEL,8,PATV,HEAVY RAINFALL,"CRISING, DANTE",14.58244811,120.9846078,Ermita,2.96,14642,1820,427,248,4195,1877400,9.86
07/23/2025 5:29,San Agustine Church,BARANGAY 658,GUTTER DEEP LEVEL,8,PATV,HEAVY RAINFALL,"CRISING, DANTE",14.5891232,120.975167,Intramuros,2.48,12121,1424,214,137,2753,1877400,8.27
07/23/2025 5:40,"Arranque Public Market, Alonzo Cor Recto Ave.",BARANGAY 313,KNEE DEEP LEVEL,19,NPLV,HEAVY RAINFALL,"CRISING, DANTE",14.60429831,120.9794889,Santa Cruz,11.16,10116,1244,273,173,2690,1877400,9.44
07/23/2025 9:34,"Arranque Public Market, Alonzo Cor Recto Ave.",BARANGAY 313,GUTTER DEEP LEVEL,8,PATV,HEAVY RAINFALL,"CRISING, DANTE",14.60429831,120.9794889,Santa Cruz,2.83,10116,1244,273,173,2690,1877400,9.44
07/23/2025 9:51,UN TAFT AVE.,BARANGAY 676,GUTTER DEEP LEVEL,8,PATV,HEAVY RAINFALL,"CRISING,DANTE",14.582007,120.985049,Ermita,2.96,14642,1820,427,248,4195,1877400,9.86
07/23/2025 11:15,Quirino Station,BARANGAY 725,GUTTER DEEP LEVEL,8,PATV,HEAVY RAINFALL,"CRISING, DANTE",14.57043239,120.9913696,Ermita,2.41,15085,1589,295,151,3581,1877400,8.03
07/23/2025 11:15,Padre Faura to Intersection Quirino Side,BARANGAY 676,GUTTER DEEP LEVEL,8,PATV,HEAVY RAINFALL,"CRISING, DANTE",14.58172742,120.9851106,Ermita,2.96,14642,1820,427,248,4195,1877400,9.86
07/24/2025 0:55,Blk 1 Dubai Baseco,BASECO Compound,KNEE DEEP LEVEL,19,NPLV,HEAVY RAINFALL,"CRISING, DANTE",14.59163049,120.9556652,Port Area,11.22,7024,806,197,116,2087,1877400,9.64
07/24/2025 0:56,Blk 15 Baseco Manila,BASECO Compound,KNEE DEEP LEVEL,19,NPLV,HEAVY RAINFALL,"CRISING, DANTE",14.5927481,120.9556969,Port Area,11.22,7024,806,197,116,2087,1877400,9.64
07/24/2025 0:57,HABITAT ALONG THE ROAD BASECO PORT AREA MANILA,BARANGAY 649,HALF KNEE DEEP LEVEL,10,PATV,HEAVY RAINFALL,EMONG,14.59137837,120.9605906,Port Area,4.25,7030,836,197,103,1797,1877400,9.13
07/24/2025 4:12,"Taft, Malvar",BARANGAY 693,GUTTER DEEP LEVEL,8,PATV,HEAVY RAINFALL,EMONG,14.5754266,120.9887825,Malate,2.41,7644,721,190,137,1846,1877400,8.03
07/24/2025 4:18,Taft Ave Infront of PGH,BARANGAY 693,GUTTER DEEP LEVEL,8,PATV,HEAVY RAINFALL,EMONG,14.57570577,120.9884159,Malate,2.41,7644,721,190,137,1846,1877400,8.03
07/24/2025 4:19,"Taft, UN",BARANGAY 676,GUTTER DEEP LEVEL,8,PATV,HEAVY RAINFALL,EMONG,14.58143201,120.9851324,Ermita,2.96,14642,1820,427,248,4195,1877400,9.86
07/24/2025 23:20,ADRIATICO STREET  ROBINSONS PLACE,BARANGAY 669,GUTTER DEEP LEVEL,8,PATV,HEAVY RAINFALL,EMONG,14.5769875,120.9822789,Ermita,2.43,7459,847,115,114,1665,1877400,8.09
07/25/2025 0:19,BLK 15 BASECO PORT AREA MANILA,BARANGAY 649,KNEE DEEP LEVEL,19,NPLV,HEAVY RAINFALL,EMONG,14.5927481,120.9556969,Port Area,11.06,7030,836,197,103,1797,1877400,9.13
08/22/2025 1:07,Leveriza corner quirino ave.,BARANGAY 721,GUTTER DEEP LEVEL,8,PATV,HEAVY RAINFALL,HUANING,14.5661511,120.9884276,Malate,2.56,16894,2011,378,257,3833,1877400,8.55
08/22/2025 1:14,Taft ave quirino,BARANGAY 725,GUTTER DEEP LEVEL,8,PATV,HEAVY RAINFALL,HUANING,14.5706782,120.9914164,Malate,2.41,15085,1589,295,151,3581,1877400,8.03
08/22/2025 1:17,2nd Road GK Baseco Port Area Manila,BARANGAY 649,HALF KNEE DEEP LEVEL,10,PATV,HEAVY RAINFALL,HUANING,14.5940332,120.9606936,Port Area,4.25,7030,836,197,103,1797,1877400,9.13
08/22/2025 1:17,Blk 15 Baseco Port Area Manila,BARANGAY 649,HALFT TIRE LEVEL DEEP,13,PATV,HEAVY RAINFALL,HUANING,14.5927843,120.9557345,Port Area,6.52,7030,836,197,103,1797,1877400,9.13
08/22/2025 1:17,Aplaya Street Baseco Port Area Manila,BARANGAY 649,HALF KNEE DEEP LEVEL,10,PATV,HEAVY RAINFALL,HUANING,14.5912791,120.9559093,Port Area,4.25,7030,836,197,103,1797,1877400,9.13
08/22/2025 1:18,In front of PCU,BARANGAY 693,GUTTER DEEP LEVEL,8,PATV,HEAVY RAINFALL,HUANING,14.5752809,120.9888279,Malate,2.41,7644,721,190,137,1846,1877400,8.03
08/22/2025 1:24,Pedro gil infront of PGH,BARANGAY 694,GUTTER DEEP LEVEL,8,PATV,HEAVY RAINFALL,HUANING,14.5768818,120.9879128,Ermita,2.65,11332,1364,263,153,2758,1877400,8.83
08/22/2025 1:25,Front of Hospital ng maynila,BARANGAY 721,GUTTER DEEP LEVEL,8,PATV,HEAVY RAINFALL,HUANING,14.5639978,120.9874309,Malate,2.56,16894,2011,378,257,3833,1877400,8.55
08/22/2025 1:29,Taft Avenue infront of Manila Science High School,BARANGAY 676,GUTTER DEEP LEVEL,8,PATV,HEAVY RAINFALL,HUANING,14.5803211,120.9859749,Ermita,2.96,14642,1820,427,248,4195,1877400,9.86
08/22/2025 1:29,Padre Faura Street Corner Taft Ave.,BARANGAY 676,GUTTER DEEP LEVEL,8,PATV,HEAVY RAINFALL,HUANING,14.579889,120.9862432,Ermita,2.96,14642,1820,427,248,4195,1877400,9.86
08/22/2025 1:30,Taft ave corner nakpil street,BARANGAY 692,GUTTER DEEP LEVEL,8,PATV,HEAVY RAINFALL,HUANING,14.5742703,120.9894385,Malate,2.67,8359,989,192,130,2090,1877400,8.89
08/22/2025 1:34,Taft Ave infront of NBI,BARANGAY 676,GUTTER DEEP LEVEL,8,PATV,HEAVY RAINFALL,HUANING,14.5814076,120.9853089,Ermita,2.96,14642,1820,427,248,4195,1877400,9.86
08/22/2025 1:38,Taft Ave. corner Padre Faura St.,BARANGAY 676,KNEE DEEP LEVEL,19,NPLV,HEAVY RAINFALL,HUANING,14.57997876,120.9861999,Ermita,11.28,14642,1820,427,248,4195,1877400,9.86
08/22/2025 1:48,Taft Ave. cor Kalaw,BARANGAY 674,KNEE DEEP LEVEL,19,NPLV,HEAVY RAINFALL,HUANING,14.58357565,120.9840729,Ermita,10.91,9052,900,222,143,2459,1877400,8.61
08/22/2025 1:51,FINANCE ROAD,BARANGAY 660-A,GUTTER DEEP LEVEL,8,PATV,HEAVY RAINFALL,HUANING,14.5862301,120.9815646,Ermita,2.41,8559,954,146,121,1907,1877400,8.04
08/22/2025 1:53,Pedro Gil corner Taft Ave,BARANGAY 694,GUTTER DEEP LEVEL,8,PATV,HEAVY RAINFALL,HUANING,14.5760992,120.9883608,Ermita,2.65,11332,1364,263,153,2758,1877400,8.83
08/22/2025 1:54,BASECO MARKET CORNER GK  PORT AREA MANILA,BARANGAY 649,GUTTER DEEP LEVEL,8,PATV,HEAVY RAINFALL,HUANING,14.5923238,120.9589449,Port Area,2.74,7030,836,197,103,1797,1877400,9.13
08/22/2025 1:57,Padre Burgos (Infront of Kartilya),BARANGAY 659-A,GUTTER DEEP LEVEL,8,PATV,HEAVY RAINFALL,HUANING,14.59097683,120.9806812,Ermita,2.79,8259,874,220,142,2449,1877400,9.29
08/22/2025 1:57,Padre Burgos (Infornt of Mehan Garden),BARANGAY 659-A,KNEE DEEP LEVEL,19,NPLV,HEAVY RAINFALL,HUANING,14.59253274,120.9801757,Ermita,11.11,8259,874,220,142,2449,1877400,9.29
08/22/2025 2:12,QUIRINO AVE CORNER LEVERIZA MALATE,BARANGAY 715,KNEE DEEP LEVEL,19,NPLV,HEAVY RAINFALL,HUANING,14.5672203,120.9891434,Malate,10.7,9506,874,165,118,2491,1877400,7.92
08/22/2025 2:25,Remedios St. cor Agoncillo St.,BARANGAY 723,HALF KNEE DEEP LEVEL,10,PATV,HEAVY RAINFALL,HUANING,14.57317685,120.9917642,Malate,4.02,16750,1906,354,220,3864,1877400,8.34
08/22/2025 2:42,MANILA CITY HALL FRONT OF CITY TREASURER OFFICE,BARANGAY 658,GUTTER DEEP LEVEL,8,PATV,HEAVY RAINFALL,HUANING,14.59,120.98,Ermita,2.48,12121,1424,214,137,2753,1877400,8.27
08/22/2025 3:02,ADRIATICO STREET,BARANGAY 719,GUTTER DEEP LEVEL,8,PATV,HEAVY RAINFALL,HUANING,14.5652688,120.9898031,Malate,2.69,7369,919,117,125,1863,1877400,8.97
08/22/2025 3:21,Antonio Villegas (from Taft to Cecilia Muñoz Palma/Cental Station),BARANGAY 659,KNEE DEEP LEVEL,19,NPLV,HEAVY RAINFALL,HUANING,14.58984,120.9820891,Ermita,10.57,12176,1122,273,143,2708,1877400,7.47
08/22/2025 3:21,Taft to Underpass,BARANGAY 659,HALF KNEE DEEP LEVEL,10,PATV,HEAVY RAINFALL,HUANING,14.58989021,120.9807994,Ermita,3.75,12176,1122,273,143,2708,1877400,7.47
08/22/2025 3:21,Natividad Lopez (beside Kartilya & Manila City Hall),BARANGAY 659,KNEE DEEP LEVEL,19,NPLV,HEAVY RAINFALL,HUANING,14.59043614,120.9811364,Ermita,10.57,12176,1122,273,143,2708,1877400,7.47
08/22/2025 3:21,Padre Burgos Southbound,BARANGAY 659,KNEE DEEP LEVEL,19,NPLV,HEAVY RAINFALL,HUANING,14.59058417,120.9805261,Ermita,10.57,12176,1122,273,143,2708,1877400,7.47
08/22/2025 3:21,Natividad St. cor San Marcelino St.,BARANGAY 663,KNEE DEEP LEVEL,19,NPLV,HEAVY RAINFALL,HUANING,14.59035543,120.9838689,Ermita,10.97,14690,1692,325,174,3821,1877400,8.83
08/22/2025 4:53,Finance Rd,BARANGAY 660-A,KNEE DEEP LEVEL,19,NPLV,HEAVY RAINFALL,HUANING,14.5861975,120.9814752,Ermita,10.74,8559,954,146,121,1907,1877400,8.04
08/22/2025 5:25,PNU TAFT AVE.,BANGAY 660-A,KNEE DEEP LEVEL,19,NPLV,HEAVY RAINFALL,HUANING,14.5863009,120.9828138,Ermita,10.84,13968,1569,362,189,3174,1877400,8.39
08/22/2025 5:25,INFRONT OF MANILA CITYHALL  UNDERPASS,BARANGAY 659,KNEE DEEP LEVEL,19,NPLV,HEAVY RAINFALL,HUANING,14.5900381,120.9808839,Ermita,10.57,12176,1122,273,143,2708,1877400,7.47
08/22/2025 5:41,NATIVIDAD LOPEZ STREET,BARANGAY 659,KNEE DEEP LEVEL,19,NPLV,HEAVY RAINFALL,HUANING,14.5903804,120.982445,Ermita,10.57,12176,1122,273,143,2708,1877400,7.47
08/22/2025 5:48,ANTONIO VILLEGAS STREET,BARANGAY 659,TIRE LEVEL DEEP,26,NPLV,HEAVY RAINFALL,HUANING,14.590229,120.9821572,Ermita,15.86,12176,1122,273,143,2708,1877400,7.47
08/22/2025 5:51,CECILIO MUÑOZ STREET CORNER PADRE BURGOS AVE.,BARANGAY 659-A,KNEE DEEP LEVEL,19,NPLV,HEAVY RAINFALL,HUANING,14.591458,120.9810257,Ermita,11.11,8259,874,220,142,2449,1877400,9.29
08/22/2025 6:51,PADRE FAURA TO INTERSECTION,BARANGAY 676,KNEE DEEP LEVEL,19,NPLV,HEAVY RAINFALL,HUANING,14.5799617,120.9860254,Malate,11.28,14642,1820,427,248,4195,1877400,9.86
08/22/2025 7:08,Taft Ave corner Kalaw Ave.,BARANGAY 674,GUTTER DEEP LEVEL,8,PATV,HEAVY RAINFALL,HUANING,14.5833905,120.9841048,Ermita,2.58,9052,900,222,143,2459,1877400,8.61
08/22/2025 7:09,Taft Infront of Adamson (To Kalaw),BARANGAY 660-A,KNEE DEEP LEVEL,19,NPLV,HEAVY RAINFALL,HUANING,14.5842874,120.9837139,Malate,10.74,8559,954,146,121,1907,1877400,8.04
09/22/2025 11:18,Escoda Corner Taft ave.,BARANGAY 694,GUTTER DEEP LEVEL,8,PATV,HEAVY RAINFALL,NANDO,14.5772397,120.9877074,Ermita,2.65,11332,1364,263,153,2758,1877400,8.83
09/22/2025 11:29,Infront of NBI  Taft,BARANGAY 676,GUTTER DEEP LEVEL,8,PATV,HEAVY RAINFALL,NANDO,14.5817636,120.9851829,Ermita,2.96,14642,1820,427,248,4195,1877400,9.86
09/22/2025 11:43,P.Burgos Southbound infront of Mehan Garden,BARANGAY 659-A,GUTTER DEEP LEVEL,8,PATV,HEAVY RAINFALL,NANDO,14.5915278,120.9802466,Ermita,2.79,8259,874,220,142,2449,1877400,9.29
09/22/2025 12:17,Abad Santos corner Antipolo Street,BARANGAY 220,GUTTER DEEP LEVEL,8,PATV,HEAVY RAINFALL,NANDO,14.6233423,120.9782664,Tondo I and II,2.52,15101,1549,398,252,3710,1877400,8.4
09/22/2025 12:22,Tayuman St & Abad Santos Ave,BARANGAY 226,GUTTER DEEP LEVEL,8,PATV,HEAVY RAINFALL,NANDO,14.6169393,120.9772549,Tondo I and II,2.54,8656,1032,145,113,2043,1877400,8.48
09/22/2025 12:23,V. Mapa Station going to Recto,BARANGAY 595,GUTTER DEEP LEVEL,8,PATV,HEAVY RAINFALL,NANDO,14.6035608,121.0164881,Santa Mesa,2.62,10186,1184,255,144,2480,1877400,8.75
09/22/2025 12:37,Central Market Fugoso Street,BARANGAY 467,GUTTER DEEP LEVEL,8,PATV,HEAVY RAINFALL,NANDO,14.6075133,120.9848392,Santa Cruz,2.61,13550,1482,342,143,3516,1877400,8.69
09/22/2025 12:39,Infront of P. Gomez School,BARANGAY 465,GUTTER DEEP LEVEL,8,PATV,HEAVY RAINFALL,NANDO,14.6085749,120.9849151,Santa Cruz,2.61,14100,1406,277,196,4084,1877400,8.7
09/22/2025 12:41,P. Guevarra   corner  Bambang Street,BARANGAY 461,GUTTER DEEP LEVEL,8,PATV,HEAVY RAINFALL,NANDO,14.6108073,120.9850945,Santa Cruz,2.74,11000,1425,258,184,2617,1877400,9.14
09/29/2025 5:11,Taft ave. cor Gen. Malvar.,BARANGAY 693,GUTTER DEEP LEVEL,8,PATV,HEAVY RAINFALL,OPONG,14.5747931,120.9891026,Malate,2.41,7644,721,190,137,1846,1877400,8.03
09/29/2025 5:14,TAFT AVE. COR ESCODA,BARANGAY 694,GUTTER DEEP LEVEL,8,PATV,HEAVY RAINFALL,OPONG,14.5771224,120.9877754,Malate,2.65,11332,1364,263,153,2758,1877400,8.83
09/29/2025 5:16,TAFT AVE. COR Apacible St,BARANGAY 675,GUTTER DEEP LEVEL,8,PATV,HEAVY RAINFALL,OPONG,14.5787755,120.9868647,Malate,2.77,7795,887,197,107,2197,1877400,9.24
09/29/2025 5:18,Taft NBI,BARANGAY 676,GUTTER DEEP LEVEL,8,PATV,HEAVY RAINFALL,OPONG,14.5814076,120.9853089,Malate,2.96,14642,1820,427,248,4195,1877400,9.86
09/29/2025 5:19,Taft ave corner U.N,BARANGAY 676,GUTTER DEEP LEVEL,8,PATV,HEAVY RAINFALL,OPONG,14.5822054,120.98494,Ermita,2.96,14642,1820,427,248,4195,1877400,9.86
09/29/2025 5:37,Oroquieta street corner Lorenzo street,BARANGAY 349,GUTTER DEEP LEVEL,8,PATV,HEAVY RAINFALL,OPONG,14.6206212,120.9832465,Santa Cruz,2.69,10953,1219,295,133,2941,1877400,8.97
09/29/2025 5:40,Quirino cor. Taft ave.,BARANGAY 725,GUTTER DEEP LEVEL,8,PATV,HEAVY RAINFALL,OPONG,14.5699207,120.9913337,Malate,2.41,15085,1589,295,151,3581,1877400,8.03
09/29/2025 5:43,Antipolo Cor Felix Huertas street,BARANGAY 368,GUTTER DEEP LEVEL,8,PATV,HEAVY RAINFALL,OPONG,14.6222354,120.9848971,Santa Cruz,2.78,11950,1334,321,196,3369,1877400,9.27
09/29/2025 5:47,North Cementery,BARANGAY 372,GUTTER DEEP LEVEL,8,PATV,HEAVY RAINFALL,OPONG,14.6260534,120.9890709,Santa Cruz,2.44,17911,1734,518,204,4367,1877400,8.14
09/29/2025 5:58,Aurora Blvd & Pampanga St,BARANGAY 376,GUTTER DEEP LEVEL,8,PATV,HEAVY RAINFALL,OPONG,14.6279726,120.9843404,Santa Cruz,2.96,10069,1286,276,180,2827,1877400,9.86
09/29/2025 6:26,Abad Santos Cor Blumemtritt,BARANGAY 220,GUTTER DEEP LEVEL,8,PATV,HEAVY RAINFALL,OPONG,14.6233553,120.9781355,Tondo I and II,2.52,15101,1549,398,252,3710,1877400,8.4
09/29/2025 7:02,TAMBUNTING,BARANGAY 196,GUTTER DEEP LEVEL,8,PATV,HEAVY RAINFALL,OPONG,14.6290855,120.9828876,Santa Cruz,2.6,9796,890,213,176,2922,1877400,8.67
11/09/2025 01:17,"1299 Syson, Paco, Manila, Metro Manila",BARANGAY 671,KNEE DEEP LEVEL,19,NPLV,TROPICAL CYCLONE,UWAN,14.58265892,120.9935399,Paco,10.66,13490,1278,258,152,3286,1877400,7.77
11/09/2025 14:21,"2848 Juan Luna St, Tondo, Manila, 1013 Metro Manila",BARANGAY 186,GUTTER DEEP LEVEL,8,PATV,TROPICAL CYCLONE,UWAN,14.63255673,120.9748965,Tondo I and II,2.36,17896,1742,322,295,4293,1877400,7.87
11/09/2025 14:27,"Hermosa Ext cor Benita St. , Tondo, Manila, Metro Manila",BARANGAY 178,GUTTER DEEP LEVEL,8,PATV,TROPICAL CYCLONE,UWAN,14.63299719,120.9734228,Tondo I and II,2.52,8916,991,259,135,1990,1877400,8.41
11/10/2025 00:43,Rd 2 BASECO MANILA,BARANGAY 649,GUTTER DEEP LEVEL,8,PATV,TROPICAL CYCLONE,UWAN,14.5936521,120.9605704,Port Area,2.74,7030,836,197,103,1797,1877400,9.13